<?xml version="1.0" encoding="UTF-8"?><MD_Metadata xmlns:gts="http://www.isotc211.org/2005/gts" xmlns:gco="http://www.isotc211.org/2005/gco" xmlns:xalan="http://xml.apache.org/xalan" xmlns:srv="http://www.isotc211.org/2005/srv" xmlns:gmx="http://www.isotc211.org/2005/gmx" xmlns:xlink="http://www.w3.org/1999/xlink" xmlns:xsi="http://www.w3.org/2001/XMLSchema-instance" xmlns:gml="http://www.opengis.net/gml" xmlns="http://www.isotc211.org/2005/gmd">
    <language>
        <LanguageCode codeList="http://www.loc.gov/standards/iso639-2/php/code_list.php" codeListValue="eng" codeSpace="ISO639-2">eng</LanguageCode>
    </language>
    <characterSet>
        <MD_CharacterSetCode codeList="http://www.isotc211.org/2005/resources/Codelist/gmxCodelists.xml#MD_CharacterSetCode" codeListValue="utf8" codeSpace="ISOTC211/19115">utf8</MD_CharacterSetCode>
    </characterSet>
    <hierarchyLevel>
        <MD_ScopeCode codeList="http://www.isotc211.org/2005/resources/Codelist/gmxCodelists.xml#MD_ScopeCode" codeListValue="dataset" codeSpace="ISOTC211/19115">dataset</MD_ScopeCode>
    </hierarchyLevel>
    <hierarchyLevelName>
        <gco:CharacterString>dataset</gco:CharacterString>
    </hierarchyLevelName>
    <contact>
        <CI_ResponsibleParty>
            <individualName>
                <gco:CharacterString>GIS Manager</gco:CharacterString>
            </individualName>
            <organisationName>
                <gco:CharacterString>St. Louis County GIS Service Center</gco:CharacterString>
            </organisationName>
            <positionName>
                <gco:CharacterString>GIS Manager</gco:CharacterString>
            </positionName>
            <contactInfo>
                <CI_Contact>
                    <phone>
                        <CI_Telephone>
                            <voice>
                                <gco:CharacterString>314-615-4447</gco:CharacterString>
                            </voice>
                        </CI_Telephone>
                    </phone>
                    <address>
                        <CI_Address>
                            <deliveryPoint>
                                <gco:CharacterString>41 S Central Ave, CO3E</gco:CharacterString>
                            </deliveryPoint>
                            <city>
                                <gco:CharacterString>Clayton</gco:CharacterString>
                            </city>
                            <administrativeArea>
                                <gco:CharacterString>MO</gco:CharacterString>
                            </administrativeArea>
                            <postalCode>
                                <gco:CharacterString>63105</gco:CharacterString>
                            </postalCode>
                            <electronicMailAddress>
                                <gco:CharacterString>gis@stlouisco.com</gco:CharacterString>
                            </electronicMailAddress>
                        </CI_Address>
                    </address>
                </CI_Contact>
            </contactInfo>
            <role>
                <CI_RoleCode codeList="http://www.isotc211.org/2005/resources/Codelist/gmxCodelists.xml#CI_RoleCode" codeListValue="pointOfContact" codeSpace="ISOTC211/19115">pointOfContact</CI_RoleCode>
            </role>
        </CI_ResponsibleParty>
    </contact>
    <dateStamp>
        <gco:Date>2021-01-11</gco:Date>
    </dateStamp>
    <metadataStandardName>
        <gco:CharacterString>ISO 19139 Geographic Information - Metadata - Implementation Specification</gco:CharacterString>
    </metadataStandardName>
    <metadataStandardVersion>
        <gco:CharacterString>2007</gco:CharacterString>
    </metadataStandardVersion>
    <spatialRepresentationInfo>
        <MD_VectorSpatialRepresentation>
            <topologyLevel>
                <MD_TopologyLevelCode codeList="http://www.isotc211.org/2005/resources/Codelist/gmxCodelists.xml#MD_TopologyLevelCode" codeListValue="geometryOnly" codeSpace="ISOTC211/19115">geometryOnly</MD_TopologyLevelCode>
            </topologyLevel>
            <geometricObjects>
                <MD_GeometricObjects>
                    <geometricObjectType>
                        <MD_GeometricObjectTypeCode codeList="http://www.isotc211.org/2005/resources/Codelist/gmxCodelists.xml#MD_GeometricObjectTypeCode" codeListValue="point" codeSpace="ISOTC211/19115">point</MD_GeometricObjectTypeCode>
                    </geometricObjectType>
                    <geometricObjectCount>
                        <gco:Integer>392</gco:Integer>
                    </geometricObjectCount>
                </MD_GeometricObjects>
            </geometricObjects>
        </MD_VectorSpatialRepresentation>
    </spatialRepresentationInfo>
    <referenceSystemInfo>
        <MD_ReferenceSystem>
            <referenceSystemIdentifier>
                <RS_Identifier>
                    <code>
                        <gco:CharacterString>102696</gco:CharacterString>
                    </code>
                    <codeSpace>
                        <gco:CharacterString>Esri</gco:CharacterString>
                    </codeSpace>
                    <version>
                        <gco:CharacterString>8.0.1</gco:CharacterString>
                    </version>
                </RS_Identifier>
            </referenceSystemIdentifier>
        </MD_ReferenceSystem>
    </referenceSystemInfo>
    <identificationInfo>
        <MD_DataIdentification>
            <citation>
                <CI_Citation>
                    <title>
                        <gco:CharacterString>Foreclosures 2020</gco:CharacterString>
                    </title>
                    <date>
                        <CI_Date>
                            <date>
                                <gco:Date>2020-07-23</gco:Date>
                            </date>
                            <dateType>
                                <CI_DateTypeCode codeList="http://www.isotc211.org/2005/resources/Codelist/gmxCodelists.xml#CI_DateTypeCode" codeListValue="publication" codeSpace="ISOTC211/19115">publication</CI_DateTypeCode>
                            </dateType>
                        </CI_Date>
                    </date>
                    <citedResponsibleParty>
                        <CI_ResponsibleParty>
                            <individualName>
                                <gco:CharacterString>GIS Manager</gco:CharacterString>
                            </individualName>
                            <organisationName>
                                <gco:CharacterString>St. Louis County GIS Service Center</gco:CharacterString>
                            </organisationName>
                            <positionName>
                                <gco:CharacterString>GIS Manager</gco:CharacterString>
                            </positionName>
                            <contactInfo>
                                <CI_Contact>
                                    <phone>
                                        <CI_Telephone>
                                            <voice>
                                                <gco:CharacterString>314-615-4447</gco:CharacterString>
                                            </voice>
                                        </CI_Telephone>
                                    </phone>
                                    <address>
                                        <CI_Address>
                                            <deliveryPoint>
                                                <gco:CharacterString>41 S Central Ave, CO3E</gco:CharacterString>
                                            </deliveryPoint>
                                            <city>
                                                <gco:CharacterString>Clayton</gco:CharacterString>
                                            </city>
                                            <administrativeArea>
                                                <gco:CharacterString>MO</gco:CharacterString>
                                            </administrativeArea>
                                            <postalCode>
                                                <gco:CharacterString>63105</gco:CharacterString>
                                            </postalCode>
                                            <electronicMailAddress>
                                                <gco:CharacterString>gis@stlouisco.com</gco:CharacterString>
                                            </electronicMailAddress>
                                        </CI_Address>
                                    </address>
                                </CI_Contact>
                            </contactInfo>
                            <role>
                                <CI_RoleCode codeList="http://www.isotc211.org/2005/resources/Codelist/gmxCodelists.xml#CI_RoleCode" codeListValue="originator" codeSpace="ISOTC211/19115">originator</CI_RoleCode>
                            </role>
                        </CI_ResponsibleParty>
                    </citedResponsibleParty>
                    <presentationForm>
                        <CI_PresentationFormCode codeList="http://www.isotc211.org/2005/resources/Codelist/gmxCodelists.xml#CI_PresentationFormCode" codeListValue="mapDigital" codeSpace="ISOTC211/19115">mapDigital</CI_PresentationFormCode>
                    </presentationForm>
                    <otherCitationDetails>
                        <gco:CharacterString>Data Updated As Needed</gco:CharacterString>
                    </otherCitationDetails>
                </CI_Citation>
            </citation>
            <abstract>
                <gco:CharacterString>Feature layer. Foreclosures in St. Louis County, Missouri 2020. Link to metadata. </gco:CharacterString>
            </abstract>
            <purpose>
                <gco:CharacterString>Foreclosed properties in 2020 within St. Louis County, Missouri</gco:CharacterString>
            </purpose>
            <credit>
                <gco:CharacterString>St. Louis County GIS Service Center</gco:CharacterString>
            </credit>
            <status>
                <MD_ProgressCode codeList="http://www.isotc211.org/2005/resources/Codelist/gmxCodelists.xml#MD_ProgressCode" codeListValue="onGoing" codeSpace="ISOTC211/19115">onGoing</MD_ProgressCode>
            </status>
            <pointOfContact>
                <CI_ResponsibleParty>
                    <individualName>
                        <gco:CharacterString>GIS Manager</gco:CharacterString>
                    </individualName>
                    <organisationName>
                        <gco:CharacterString>St. Louis County GIS Service Center</gco:CharacterString>
                    </organisationName>
                    <positionName>
                        <gco:CharacterString>GIS Manager</gco:CharacterString>
                    </positionName>
                    <contactInfo>
                        <CI_Contact>
                            <phone>
                                <CI_Telephone>
                                    <voice>
                                        <gco:CharacterString>314-615-4447</gco:CharacterString>
                                    </voice>
                                </CI_Telephone>
                            </phone>
                            <address>
                                <CI_Address>
                                    <deliveryPoint>
                                        <gco:CharacterString>41 S Central Ave, CO3E</gco:CharacterString>
                                    </deliveryPoint>
                                    <city>
                                        <gco:CharacterString>Clayton</gco:CharacterString>
                                    </city>
                                    <administrativeArea>
                                        <gco:CharacterString>MO</gco:CharacterString>
                                    </administrativeArea>
                                    <postalCode>
                                        <gco:CharacterString>63105</gco:CharacterString>
                                    </postalCode>
                                    <electronicMailAddress>
                                        <gco:CharacterString>gis@stlouisco.com</gco:CharacterString>
                                    </electronicMailAddress>
                                </CI_Address>
                            </address>
                        </CI_Contact>
                    </contactInfo>
                    <role>
                        <CI_RoleCode codeList="http://www.isotc211.org/2005/resources/Codelist/gmxCodelists.xml#CI_RoleCode" codeListValue="pointOfContact" codeSpace="ISOTC211/19115">pointOfContact</CI_RoleCode>
                    </role>
                </CI_ResponsibleParty>
            </pointOfContact>
            <resourceMaintenance>
                <MD_MaintenanceInformation>
                    <maintenanceAndUpdateFrequency>
                        <MD_MaintenanceFrequencyCode codeList="http://www.isotc211.org/2005/resources/Codelist/gmxCodelists.xml#MD_MaintenanceFrequencyCode" codeListValue="asNeeded" codeSpace="ISOTC211/19115">asNeeded</MD_MaintenanceFrequencyCode>
                    </maintenanceAndUpdateFrequency>
                </MD_MaintenanceInformation>
            </resourceMaintenance>
            <descriptiveKeywords>
                <MD_Keywords>
                    <keyword>
                        <gco:CharacterString>St. Louis County, Missouri</gco:CharacterString>
                    </keyword>
                    <type>
                        <MD_KeywordTypeCode codeList="http://www.isotc211.org/2005/resources/Codelist/gmxCodelists.xml#MD_KeywordTypeCode" codeListValue="place" codeSpace="ISOTC211/19115">place</MD_KeywordTypeCode>
                    </type>
                </MD_Keywords>
            </descriptiveKeywords>
            <descriptiveKeywords>
                <MD_Keywords>
                    <keyword>
                        <gco:CharacterString>foreclosure properties 2020</gco:CharacterString>
                    </keyword>
                    <type>
                        <MD_KeywordTypeCode codeList="http://www.isotc211.org/2005/resources/Codelist/gmxCodelists.xml#MD_KeywordTypeCode" codeListValue="theme" codeSpace="ISOTC211/19115">theme</MD_KeywordTypeCode>
                    </type>
                </MD_Keywords>
            </descriptiveKeywords>
            <descriptiveKeywords>
                <MD_Keywords>
                    <keyword>
                        <gco:CharacterString>Downloadable Data</gco:CharacterString>
                    </keyword>
                    <thesaurusName uuidref="723f6998-058e-11dc-8314-0800200c9a66"/>
                </MD_Keywords>
            </descriptiveKeywords>
            <resourceConstraints>
                <MD_Constraints>
                    <useLimitation>
                        <gco:CharacterString>St. Louis County makes no warranty for fitness of use for a particular purpose express or implied, with respect to this map product. Every reasonable effort has been made to assure the accuracy of the maps and data provided; nevertheless, some information may not be accurate. Any user of this map product accepts its faults and assumes all responsibility for the use thereof, and further agrees to hold St. Louis County Government harmless from and against any damage, loss or liability arising from any use of the map product. Do not make business decisions based on this data before validating your decision with the appropriate agency.Please direct all requests for St. Louis County GIS data to the GIS Service Center: 314-615-4GIS (4447) or gis@stlouisco.com. Copyright 2021 St. Louis County, Missouri. All rights reserved.</gco:CharacterString>
                    </useLimitation>
                </MD_Constraints>
            </resourceConstraints>
            <spatialRepresentationType>
                <MD_SpatialRepresentationTypeCode codeList="http://www.isotc211.org/2005/resources/Codelist/gmxCodelists.xml#MD_SpatialRepresentationTypeCode" codeListValue="vector" codeSpace="ISOTC211/19115">vector</MD_SpatialRepresentationTypeCode>
            </spatialRepresentationType>
            <language>
                <LanguageCode codeList="http://www.loc.gov/standards/iso639-2/php/code_list.php" codeListValue="eng" codeSpace="ISO639-2">eng</LanguageCode>
            </language>
            <characterSet>
                <MD_CharacterSetCode codeList="http://www.isotc211.org/2005/resources/Codelist/gmxCodelists.xml#MD_CharacterSetCode" codeListValue="utf8" codeSpace="ISOTC211/19115">utf8</MD_CharacterSetCode>
            </characterSet>
            <topicCategory>
                <MD_TopicCategoryCode>planningCadastre</MD_TopicCategoryCode>
            </topicCategory>
            <environmentDescription>
                <gco:CharacterString> Version 6.2 (Build 9200) ; Esri ArcGIS 10.7.1.11595</gco:CharacterString>
            </environmentDescription>
            <extent>
                <EX_Extent>
                    <geographicElement>
                        <EX_GeographicBoundingBox>
                            <extentTypeCode>
                                <gco:Boolean>true</gco:Boolean>
                            </extentTypeCode>
                            <westBoundLongitude>
                                <gco:Decimal>-90.706273</gco:Decimal>
                            </westBoundLongitude>
                            <eastBoundLongitude>
                                <gco:Decimal>-90.1849</gco:Decimal>
                            </eastBoundLongitude>
                            <southBoundLatitude>
                                <gco:Decimal>38.414816</gco:Decimal>
                            </southBoundLatitude>
                            <northBoundLatitude>
                                <gco:Decimal>38.85771</gco:Decimal>
                            </northBoundLatitude>
                        </EX_GeographicBoundingBox>
                    </geographicElement>
                </EX_Extent>
            </extent>
        </MD_DataIdentification>
    </identificationInfo>
    <distributionInfo>
        <MD_Distribution>
            <distributionFormat>
                <MD_Format>
                    <name>
                        <gco:CharacterString>Feature Class</gco:CharacterString>
                    </name>
                    <version gco:nilReason="missing"/>
                </MD_Format>
            </distributionFormat>
        </MD_Distribution>
    </distributionInfo>
    <metadataMaintenance>
        <MD_MaintenanceInformation>
            <maintenanceAndUpdateFrequency>
                <MD_MaintenanceFrequencyCode codeList="http://www.isotc211.org/2005/resources/Codelist/gmxCodelists.xml#MD_MaintenanceFrequencyCode" codeListValue="asNeeded" codeSpace="ISOTC211/19115">asNeeded</MD_MaintenanceFrequencyCode>
            </maintenanceAndUpdateFrequency>
        </MD_MaintenanceInformation>
    </metadataMaintenance>
</MD_Metadata>
